<?xml version="1.0" encoding="UTF-8"?>
<!DOCTYPE fontscolors PUBLIC "-//NetBeans//DTD Editor Fonts and Colors settings 1.1//EN" "http://www.netbeans.org/dtds/EditorFontsColors-1_1.dtd">
<fontscolors>
    <fontcolor default="default" foreColor="white" name="mod-method"/>
    <fontcolor default="number" name="constant"/>
    <fontcolor default="error" name="error"/>
    <fontcolor default="keyword" name="keyword">
        <font style="bold"/>
    </fontcolor>
    <fontcolor default="whitespace" name="whitespace"/>
    <fontcolor default="default" foreColor="ff00e7ff" name="mod-regexp"/>
    <fontcolor default="field" foreColor="fff7c527" name="mod-global"/>
    <fontcolor default="operator" name="operator"/>
    <fontcolor default="default" name="mod-class"/>
    <fontcolor name="mod-unused" waveUnderlined="ff999999"/>
    <fontcolor bgColor="ff343434" default="default" foreColor="fff7c527" name="mark-occurrences"/>
    <fontcolor default="string" name="string"/>
    <fontcolor default="comment" name="COMMENT"/>
    <fontcolor default="field" name="mod-field"/>
    <fontcolor foreColor="ffecd795" name="identifier"/>
    <fontcolor default="comment" name="COMMENT_KEYWORD">
        <font style="bold"/>
    </fontcolor>
    <fontcolor default="comment" foreColor="ff9999ff" name="COMMENT_HTML">
        <font style="bold"/>
    </fontcolor>
</fontscolors>
